<beans:beans xmlns="http://www.springframework.org/schema/security"
	xmlns:beans="http://www.springframework.org/schema/beans" xmlns:xsi="http://www.w3.org/2001/XMLSchema-instance"
	xsi:schemaLocation="http://www.springframework.org/schema/beans
		http://www.springframework.org/schema/beans/spring-beans-3.0.xsd
		http://www.springframework.org/schema/security
		http://www.springframework.org/schema/security/spring-security.xsd">

	<http use-expressions="true">
		<csrf disabled="true" />
		<intercept-url pattern="/" access="hasRole('ROLE_ADMIN')" />
		<intercept-url pattern="/branch" access="hasRole('ROLE_ADMIN')" />
		<intercept-url pattern="/schedule" access="hasRole('ROLE_ADMIN')" />
		<intercept-url pattern="/setting" access="hasRole('ROLE_ADMIN')" />
		<intercept-url pattern="/staff_list" access="hasRole('ROLE_ADMIN')" />
		<intercept-url pattern="/**" access="permitAll()" />
		<access-denied-handler error-page="/403" />

		<form-login login-page='/login' login-processing-url="/login"
			default-target-url="/branch" always-use-default-target="true"
			authentication-failure-handler-ref="userNameCachingAuthenticationFailureHandler"
			username-parameter="username" password-parameter="password" />

		<logout logout-url="/logout" logout-success-url="/"
			delete-cookies="JSESSIONID" invalidate-session="true" />

	</http>
	<beans:bean id="bcryptEncoder"
		class="org.springframework.security.crypto.bcrypt.BCryptPasswordEncoder" />
	<authentication-manager>
		<!-- authentication from database -->
		<authentication-provider>
			<password-encoder hash="bcrypt" ref="bcryptEncoder" />
			<jdbc-user-service data-source-ref="ds"
				users-by-username-query="select username, password, enable from CLI_USERS where username = ?"
				authorities-by-username-query="select username, concat('ROLE_',USER_ROLE) role from CLI_USERS us inner join CLI_USER_ROLES r ON us.ROLE_ID = r.ROLE_ID where username=?" />
		</authentication-provider>
	</authentication-manager>

	<beans:bean id="userNameCachingAuthenticationFailureHandler"
		class="com.toukei.util.UserNameCachingAuthenticationFailureHandler">
		<beans:property name="defaultFailureUrl" value="/login?error=loginErr" />
	</beans:bean>

</beans:beans>